Información de vuelo su origen es: John F. Kennedy, el destino: Ministro Pistarini, km totales: 8535.74, cantidad escalas: 1
Información de vuelo su origen es: John F. Kennedy, el destino: Ministro Pistarini, km totales: 12120.170000000002, cantidad escalas: 5
Información de vuelo su origen es: John F. Kennedy, el destino: Ministro Pistarini, km totales: 22612.420000000002, cantidad escalas: 6
Información de vuelo su origen es: John F. Kennedy, el destino: Ministro Pistarini, km totales: 26670.910000000003, cantidad escalas: 7
Información de vuelo su origen es: John F. Kennedy, el destino: Ministro Pistarini, km totales: 45386.59000000001, cantidad escalas: 10
Información de vuelo su origen es: John F. Kennedy, el destino: Ministro Pistarini, km totales: 52151.86000000001, cantidad escalas: 10
Información de vuelo su origen es: John F. Kennedy, el destino: Ministro Pistarini, km totales: 68135.77, cantidad escalas: 12
Información de vuelo su origen es: John F. Kennedy, el destino: Ministro Pistarini, km totales: 64627.62, cantidad escalas: 10
Información de vuelo su origen es: John F. Kennedy, el destino: Ministro Pistarini, km totales: 27139.800000000003, cantidad escalas: 8
Información de vuelo su origen es: John F. Kennedy, el destino: Ministro Pistarini, km totales: 22712.200000000004, cantidad escalas: 7
Información de vuelo su origen es: John F. Kennedy, el destino: Ministro Pistarini, km totales: 15994.83, cantidad escalas: 5
Información de vuelo su origen es: John F. Kennedy, el destino: Ministro Pistarini, km totales: 36928.1, cantidad escalas: 6
Información de vuelo su origen es: John F. Kennedy, el destino: Ministro Pistarini, km totales: 28691.25, cantidad escalas: 7
Información de vuelo su origen es: John F. Kennedy, el destino: Ministro Pistarini, km totales: 37027.88, cantidad escalas: 7
Información de vuelo su origen es: John F. Kennedy, el destino: Ministro Pistarini, km totales: 34710.51, cantidad escalas: 8
Información de vuelo su origen es: John F. Kennedy, el destino: Ministro Pistarini, km totales: 41475.78, cantidad escalas: 8
Información de vuelo su origen es: John F. Kennedy, el destino: Ministro Pistarini, km totales: 57459.69, cantidad escalas: 10
Información de vuelo su origen es: John F. Kennedy, el destino: Ministro Pistarini, km totales: 53951.54, cantidad escalas: 8
Información de vuelo su origen es: John F. Kennedy, el destino: Ministro Pistarini, km totales: 16463.719999999998, cantidad escalas: 6
Información de vuelo su origen es: John F. Kennedy, el destino: Ministro Pistarini, km totales: 12192.01, cantidad escalas: 2
Información de vuelo su origen es: John F. Kennedy, el destino: Ministro Pistarini, km totales: 33125.28, cantidad escalas: 3
Información de vuelo su origen es: John F. Kennedy, el destino: Ministro Pistarini, km totales: 24888.43, cantidad escalas: 4
Información de vuelo su origen es: John F. Kennedy, el destino: Ministro Pistarini, km totales: 33225.06, cantidad escalas: 4
Información de vuelo su origen es: John F. Kennedy, el destino: Ministro Pistarini, km totales: 30907.69, cantidad escalas: 5
Información de vuelo su origen es: John F. Kennedy, el destino: Ministro Pistarini, km totales: 37672.96, cantidad escalas: 5
Información de vuelo su origen es: John F. Kennedy, el destino: Ministro Pistarini, km totales: 53656.87, cantidad escalas: 7
Información de vuelo su origen es: John F. Kennedy, el destino: Ministro Pistarini, km totales: 50148.72, cantidad escalas: 5
Información de vuelo su origen es: John F. Kennedy, el destino: Ministro Pistarini, km totales: 17213.31, cantidad escalas: 6
Información de vuelo su origen es: John F. Kennedy, el destino: Ministro Pistarini, km totales: 27705.56, cantidad escalas: 7
Información de vuelo su origen es: John F. Kennedy, el destino: Ministro Pistarini, km totales: 27805.340000000004, cantidad escalas: 8
Información de vuelo su origen es: John F. Kennedy, el destino: Ministro Pistarini, km totales: 12660.899999999998, cantidad escalas: 3
Información de vuelo su origen es: John F. Kennedy, el destino: Ministro Pistarini, km totales: 12681.080000000002, cantidad escalas: 3
Información de vuelo su origen es: John F. Kennedy, el destino: Ministro Pistarini, km totales: 33614.35, cantidad escalas: 4
Información de vuelo su origen es: John F. Kennedy, el destino: Ministro Pistarini, km totales: 25377.5, cantidad escalas: 5
Información de vuelo su origen es: John F. Kennedy, el destino: Ministro Pistarini, km totales: 33714.13, cantidad escalas: 5
Información de vuelo su origen es: John F. Kennedy, el destino: Ministro Pistarini, km totales: 50637.79, cantidad escalas: 6
Información de vuelo su origen es: John F. Kennedy, el destino: Ministro Pistarini, km totales: 17702.38, cantidad escalas: 7
Información de vuelo su origen es: John F. Kennedy, el destino: Ministro Pistarini, km totales: 28194.63, cantidad escalas: 8
Información de vuelo su origen es: John F. Kennedy, el destino: Ministro Pistarini, km totales: 28294.410000000003, cantidad escalas: 9
Información de vuelo su origen es: John F. Kennedy, el destino: Ministro Pistarini, km totales: 13149.970000000001, cantidad escalas: 4
Información de vuelo su origen es: John F. Kennedy, el destino: Ministro Pistarini, km totales: 10757.220000000001, cantidad escalas: 4
Información de vuelo su origen es: John F. Kennedy, el destino: Ministro Pistarini, km totales: 50240.23, cantidad escalas: 7
Información de vuelo su origen es: John F. Kennedy, el destino: Ministro Pistarini, km totales: 71173.5, cantidad escalas: 8
Información de vuelo su origen es: John F. Kennedy, el destino: Ministro Pistarini, km totales: 62936.649999999994, cantidad escalas: 9
Información de vuelo su origen es: John F. Kennedy, el destino: Ministro Pistarini, km totales: 71273.28, cantidad escalas: 9
Información de vuelo su origen es: John F. Kennedy, el destino: Ministro Pistarini, km totales: 55261.53, cantidad escalas: 11
Información de vuelo su origen es: John F. Kennedy, el destino: Ministro Pistarini, km totales: 65753.78, cantidad escalas: 12
Información de vuelo su origen es: John F. Kennedy, el destino: Ministro Pistarini, km totales: 65853.56, cantidad escalas: 13
Información de vuelo su origen es: John F. Kennedy, el destino: Ministro Pistarini, km totales: 12752.41, cantidad escalas: 5
Información de vuelo su origen es: John F. Kennedy, el destino: Ministro Pistarini, km totales: 33685.68, cantidad escalas: 6
Información de vuelo su origen es: John F. Kennedy, el destino: Ministro Pistarini, km totales: 25448.83, cantidad escalas: 7
Información de vuelo su origen es: John F. Kennedy, el destino: Ministro Pistarini, km totales: 33785.46, cantidad escalas: 7
Información de vuelo su origen es: John F. Kennedy, el destino: Ministro Pistarini, km totales: 17773.71, cantidad escalas: 9
Información de vuelo su origen es: John F. Kennedy, el destino: Ministro Pistarini, km totales: 28265.96, cantidad escalas: 10
Información de vuelo su origen es: John F. Kennedy, el destino: Ministro Pistarini, km totales: 28365.739999999998, cantidad escalas: 11
Información de vuelo su origen es: John F. Kennedy, el destino: Ministro Pistarini, km totales: 35430.26, cantidad escalas: 5
Información de vuelo su origen es: John F. Kennedy, el destino: Ministro Pistarini, km totales: 56363.53, cantidad escalas: 6
Información de vuelo su origen es: John F. Kennedy, el destino: Ministro Pistarini, km totales: 48126.67999999999, cantidad escalas: 7
Información de vuelo su origen es: John F. Kennedy, el destino: Ministro Pistarini, km totales: 56463.31, cantidad escalas: 7
Información de vuelo su origen es: John F. Kennedy, el destino: Ministro Pistarini, km totales: 40451.56, cantidad escalas: 9
Información de vuelo su origen es: John F. Kennedy, el destino: Ministro Pistarini, km totales: 50943.81, cantidad escalas: 10
Información de vuelo su origen es: John F. Kennedy, el destino: Ministro Pistarini, km totales: 51043.59, cantidad escalas: 11
Información de vuelo su origen es: John F. Kennedy, el destino: Ministro Pistarini, km totales: 35899.15, cantidad escalas: 6
Información de vuelo su origen es: John F. Kennedy, el destino: Ministro Pistarini, km totales: 17522.49, cantidad escalas: 4
Información de vuelo su origen es: John F. Kennedy, el destino: Ministro Pistarini, km totales: 19517.68, cantidad escalas: 5
Información de vuelo su origen es: John F. Kennedy, el destino: Ministro Pistarini, km totales: 40450.95, cantidad escalas: 6
Información de vuelo su origen es: John F. Kennedy, el destino: Ministro Pistarini, km totales: 32214.1, cantidad escalas: 7
Información de vuelo su origen es: John F. Kennedy, el destino: Ministro Pistarini, km totales: 40550.729999999996, cantidad escalas: 7
Información de vuelo su origen es: John F. Kennedy, el destino: Ministro Pistarini, km totales: 24538.98, cantidad escalas: 9
Información de vuelo su origen es: John F. Kennedy, el destino: Ministro Pistarini, km totales: 35031.229999999996, cantidad escalas: 10
Información de vuelo su origen es: John F. Kennedy, el destino: Ministro Pistarini, km totales: 35131.01, cantidad escalas: 11
Información de vuelo su origen es: John F. Kennedy, el destino: Ministro Pistarini, km totales: 22037.03, cantidad escalas: 3
Información de vuelo su origen es: John F. Kennedy, el destino: Ministro Pistarini, km totales: 22949.25, cantidad escalas: 4
Información de vuelo su origen es: John F. Kennedy, el destino: Ministro Pistarini, km totales: 14712.400000000001, cantidad escalas: 5
Información de vuelo su origen es: John F. Kennedy, el destino: Ministro Pistarini, km totales: 21588.02, cantidad escalas: 9
Información de vuelo su origen es: John F. Kennedy, el destino: Ministro Pistarini, km totales: 40303.700000000004, cantidad escalas: 12
Información de vuelo su origen es: John F. Kennedy, el destino: Ministro Pistarini, km totales: 47068.97, cantidad escalas: 12
Información de vuelo su origen es: John F. Kennedy, el destino: Ministro Pistarini, km totales: 63052.880000000005, cantidad escalas: 14
Información de vuelo su origen es: John F. Kennedy, el destino: Ministro Pistarini, km totales: 59544.73, cantidad escalas: 12
Información de vuelo su origen es: John F. Kennedy, el destino: Ministro Pistarini, km totales: 22056.91, cantidad escalas: 10
Información de vuelo su origen es: John F. Kennedy, el destino: Ministro Pistarini, km totales: 27007.739999999998, cantidad escalas: 5
Información de vuelo su origen es: John F. Kennedy, el destino: Ministro Pistarini, km totales: 45723.42, cantidad escalas: 8
Información de vuelo su origen es: John F. Kennedy, el destino: Ministro Pistarini, km totales: 52488.689999999995, cantidad escalas: 8
Información de vuelo su origen es: John F. Kennedy, el destino: Ministro Pistarini, km totales: 68472.6, cantidad escalas: 10
Información de vuelo su origen es: John F. Kennedy, el destino: Ministro Pistarini, km totales: 64964.45, cantidad escalas: 8
Información de vuelo su origen es: John F. Kennedy, el destino: Ministro Pistarini, km totales: 32029.039999999997, cantidad escalas: 9
Información de vuelo su origen es: John F. Kennedy, el destino: Ministro Pistarini, km totales: 27476.629999999997, cantidad escalas: 6
Información de vuelo su origen es: John F. Kennedy, el destino: Ministro Pistarini, km totales: 15860.03, cantidad escalas: 2
Información de vuelo su origen es: John F. Kennedy, el destino: Ministro Pistarini, km totales: 16772.25, cantidad escalas: 3
Información de vuelo su origen es: John F. Kennedy, el destino: Ministro Pistarini, km totales: 8535.4, cantidad escalas: 4
Información de vuelo su origen es: John F. Kennedy, el destino: Ministro Pistarini, km totales: 15411.02, cantidad escalas: 8
Información de vuelo su origen es: John F. Kennedy, el destino: Ministro Pistarini, km totales: 34126.700000000004, cantidad escalas: 11
Información de vuelo su origen es: John F. Kennedy, el destino: Ministro Pistarini, km totales: 40891.97, cantidad escalas: 11
Información de vuelo su origen es: John F. Kennedy, el destino: Ministro Pistarini, km totales: 56875.880000000005, cantidad escalas: 13
Información de vuelo su origen es: John F. Kennedy, el destino: Ministro Pistarini, km totales: 53367.73, cantidad escalas: 11
Información de vuelo su origen es: John F. Kennedy, el destino: Ministro Pistarini, km totales: 15879.91, cantidad escalas: 9
Información de vuelo su origen es: John F. Kennedy, el destino: Ministro Pistarini, km totales: 20830.739999999998, cantidad escalas: 4
Información de vuelo su origen es: John F. Kennedy, el destino: Ministro Pistarini, km totales: 39546.42, cantidad escalas: 7
Información de vuelo su origen es: John F. Kennedy, el destino: Ministro Pistarini, km totales: 46311.69, cantidad escalas: 7
Información de vuelo su origen es: John F. Kennedy, el destino: Ministro Pistarini, km totales: 62295.6, cantidad escalas: 9
Información de vuelo su origen es: John F. Kennedy, el destino: Ministro Pistarini, km totales: 58787.45, cantidad escalas: 7
Información de vuelo su origen es: John F. Kennedy, el destino: Ministro Pistarini, km totales: 25852.039999999997, cantidad escalas: 8
Información de vuelo su origen es: John F. Kennedy, el destino: Ministro Pistarini, km totales: 21299.629999999997, cantidad escalas: 5
